"","Longitude","Latitude","School.ID","Enrollment.x","Grade.Level","src_school_id","school_name","overall_city_rank","ach_city_rank","prog_city_rank","clim_city_rank","cc_city_rank","Serious.Incidents","Total.Suspensions","Count.Native.American.y","Percent.Native.American.y","Count.Asian.y","Percent.Asian.y","Count.Black.y","Percent.Black.y","Count.Hispanic.y","Percent.Hispanic.y","Count.Multirace.y","Percent.Multirace.y","Count.Pacific.Islander.y","Percent.Pacific.Islander.y","Count.White.y","Percent.White.y"
"1",-75.197,40.046,6250,478,"Elem/Middle","625","Charles W. Henry School","16th of 126","23rd of 126","19th of 126","36th of 126",NA,26,28,0,0,2,0.0041841,351,0.73430962,17,0.03556485,57,0.11924686,0,0,51,0.10669456
"2",-75.087,40.015,7360,404,"Elementary School","736","John Marshall School","58th of 61","52nd of 61","50th of 61","58th of 62",NA,34,40,2,0.0049505,1,0.00247525,219,0.54207921,109,0.26980198,48,0.11881188,0,0,25,0.06188119
"3",-75.138,40.015,7380,610,"Elementary School","738","Alexander K. McClure School","46th of 61","41st of 61","45th of 61","34th of 62",NA,11,11,1,0.00163934,4,0.00655738,192,0.3147541,371,0.60819672,40,0.06557377,0,0,2,0.00327869
"4",-75.074,40.013,7110,756,"Middle School","711","Warren G. Harding School","28th of 33","25th of 33","26th of 33","31st of 33",NA,170,302,1,0.00132275,6,0.00793651,420,0.55555556,231,0.30555556,25,0.03306878,0,0,73,0.09656085
"5",-75.121,39.997,5260,919,"Elementary School","526","Lewis Elkin School","26th of 61","38th of 61","7th of 61","45th of 62",NA,38,72,1,0.00108814,2,0.00217628,155,0.16866159,668,0.72687704,72,0.07834603,0,0,21,0.02285092
"6",-75.167,39.995,4060,492,"High School","406","Murrell Dobbins Career and Technical High School","52nd of 71","56th of 70","50th of 71","55th of 72","46th of 70",48,166,0,0,2,0.00406504,455,0.92479675,30,0.06097561,0,0,0,0,5,0.0101626
"7",-75.112,39.993,5060,594,"High School","506","Jules E. Mastbaum Area Vocational Technical High School","47th of 71","41st of 70","55th of 71","48th of 72","37th of 70",46,166,0,0,9,0.01515152,306,0.51515152,243,0.40909091,5,0.00841751,0,0,31,0.05218855
"8",-75.145,39.989,5320,535,"Elementary School","532","John F. Hartranft School","109th of 126","88th of 126","112nd of 126","108th of 126",NA,25,44,3,0.00560748,0,0,345,0.64485981,144,0.26915888,37,0.06915888,0,0,6,0.01121495
"9",-75.244,39.953,1230,490,"Elementary School","123","William C. Bryant School","97th of 126","111st of 126","54th of 126","112nd of 126",NA,33,107,4,0.00816327,0,0,463,0.94489796,4,0.00816327,17,0.03469388,0,0,2,0.00408163
"10",-75.171,39.94,2450,317,"Elem/Middle","245","Edwin M. Stanton School","82nd of 126","60th of 126","73rd of 126","87th of 126",NA,29,66,2,0.00630915,3,0.00946372,275,0.86750789,9,0.02839117,21,0.06624606,0,0,7,0.02208202
"11",-75.24,39.927,1250,615,"Elementary School","125","Joseph W. Catharine School","15th of 61","17th of 61","17th of 61","20th of 62",NA,5,2,1,0.00162602,76,0.12357724,466,0.75772358,19,0.03089431,46,0.07479675,0,0,7,0.01138211
"12",-75.151,39.924,2160,695,"High School","216","Furness High School","41st of 71","53rd of 70","35th of 71","40th of 72","42nd of 70",47,26,1,0.00143885,330,0.47482014,187,0.26906475,104,0.14964029,9,0.01294964,0,0,64,0.09208633
"13",-75.208,39.953,1280,564,"Elem/Middle","128","Sadie Alexander School","6th of 126","City Leader","25th of 126","City Leader",NA,0,1,3,0.00531915,104,0.18439716,135,0.2393617,38,0.06737589,61,0.10815603,2,0.0035461,221,0.39184397
"14",-75.024,40.114,8440,774,"Elementary School","844","William H. Loesche School","3rd of 61","6th of 61","9th of 61","7th of 62",NA,40,10,3,0.00387597,143,0.18475452,68,0.0878553,57,0.07364341,73,0.09431525,1,0.00129199,429,0.55426357
"15",-75.014,40.092,8090,618,"High School","809","Swenson Arts and Technology High School","31st of 71","33rd of 70","30th of 71","20th of 72","31st of 70",42,71,0,0,40,0.06472492,210,0.33980583,144,0.23300971,16,0.02588997,0,0,208,0.33656958
"16",-75.053,40.091,8160,1209,"Middle School","816","Baldi School","2nd of 33","5th of 33","6th of 33","7th of 33",NA,8,90,4,0.00330852,239,0.19768404,183,0.15136476,107,0.08850289,58,0.04797353,0,0,618,0.51116625
"17",-75.084,40.039,7220,1007,"Elem/Middle","722","Laura H. Carnell School","35th of 61","50th of 61","12th of 61","54th of 62",NA,52,154,1,0.00099305,36,0.03574975,564,0.56007944,258,0.25620655,92,0.09136048,2,0.0019861,54,0.05362463
"18",-75.062,40.03,8200,904,"Elem/Middle","820","Ethan Allen School","41st of 126","48th of 126","27th of 126","62nd of 126",NA,30,64,4,0.00442478,122,0.13495575,295,0.32632743,241,0.26659292,90,0.09955752,2,0.00221239,150,0.1659292
"19",-75.13,40.002,5470,562,"Elementary School","547","William Cramp School","43rd of 61","55th of 61","25th of 61","52nd of 62",NA,38,88,0,0,3,0.00533808,81,0.14412811,434,0.77224199,35,0.06227758,0,0,9,0.01601423
"20",-75.154,39.979,5250,246,"Elementary School","525","Paul L. Dunbar School","116th of 126","92nd of 126","119th of 126","103rd of 126",NA,29,32,0,0,0,0,212,0.86178862,11,0.04471545,22,0.08943089,0,0,1,0.00406504
"21",-75.194,39.967,1360,404,"Elem/Middle","136","Morton McMichael School","103rd of 126","111st of 126","75th of 126","104th of 126",NA,7,42,1,0.00247525,2,0.0049505,361,0.89356436,11,0.02722772,26,0.06435644,1,0.00247525,2,0.0049505
"22",-75.166,39.963,2140,1180,"Middle/High","214","Julia R. Masterman School","2nd of 71",NA,"16th of 71","City Leader","4th of 70",12,6,1,0.00084746,310,0.26271186,239,0.20254237,64,0.05423729,85,0.0720339,0,0,481,0.40762712
"23",-75.166,39.963,2140,1180,"Middle/High","214","Julia R. Masterman School","2nd of 71",NA,"16th of 71","City Leader","4th of 70",12,6,1,0.00084746,310,0.26271186,239,0.20254237,64,0.05423729,85,0.0720339,0,0,481,0.40762712
"24",-75.166,39.963,2140,1180,"Middle/High","214","Julia R. Masterman School","7th of 33","City Leader","19th of 33","City Leader",NA,12,6,1,0.00084746,310,0.26271186,239,0.20254237,64,0.05423729,85,0.0720339,0,0,481,0.40762712
"25",-75.166,39.963,2140,1180,"Middle/High","214","Julia R. Masterman School","7th of 33","City Leader","19th of 33","City Leader",NA,12,6,1,0.00084746,310,0.26271186,239,0.20254237,64,0.05423729,85,0.0720339,0,0,481,0.40762712
"26",-75.153,39.945,2340,687,"Elem/Middle","234","General George A. McCall School","7th of 126","10th of 126","17th of 126","11th of 126",NA,4,4,1,0.0014556,388,0.56477438,89,0.12954876,26,0.03784571,53,0.07714702,0,0,130,0.18922853
"27",-75.177,39.925,2320,572,"Elementary School","232","Stephen Girard School","24th of 61","28th of 61","16th of 61","37th of 62",NA,46,61,0,0,132,0.23076923,343,0.59965035,26,0.04545455,45,0.07867133,0,0,26,0.04545455
"28",-75.151,39.919,2630,514,"Elem/Middle","263","George W. Sharswood School","54th of 126","40th of 126","62nd of 126","52nd of 126",NA,5,20,2,0.00389105,76,0.14785992,66,0.12840467,52,0.10116732,47,0.09143969,0,0,271,0.52723735
"29",-75.177,39.914,2240,480,"Elem/Middle","224","F. Amedee Bregy School","70th of 126","94th of 126","29th of 126","91st of 126",NA,21,94,2,0.00416667,22,0.04583333,300,0.625,21,0.04375,66,0.1375,0,0,69,0.14375
"30",-75.179,39.976,2390,530,"Elem/Middle","239","Robert Morris School","109th of 126","105th of 126","106th of 126","110th of 126",NA,72,187,1,0.00188679,0,0,485,0.91509434,20,0.03773585,21,0.03962264,0,0,3,0.00566038
"31",-75.058,40.059,8360,593,"Elementary School","836","Rhawnhurst School","7th of 61","19th of 61","13th of 61","2nd of 62",NA,3,5,1,0.00168634,143,0.24114671,117,0.19730185,112,0.18887015,73,0.12310287,2,0.00337268,145,0.24451939
"32",-75.162,40.056,6060,1060,"High School","606","Martin Luther King High School","71st of 71","66th of 70","70th of 71","68th of 72","64th of 70",118,312,0,0,1,0.0009434,1036,0.97735849,13,0.01226415,5,0.00471698,0,0,5,0.00471698
"33",-75.165,40.056,6460,390,"Middle/High","646","Hill-Freedman World Academy","9th of 33","3rd of 33","16th of 33","3rd of 33",NA,3,5,0,0,17,0.04358974,340,0.87179487,18,0.04615385,10,0.02564103,0,0,5,0.01282051
"34",-75.148,40.052,7130,541,"Middle School","713","General Louis Wagner School","25th of 33","22nd of 33","20th of 33","26th of 33",NA,35,152,1,0.00184843,1,0.00184843,521,0.96303142,12,0.02218115,3,0.00554529,0,0,3,0.00554529
"35",-75.118,40.036,7370,565,"Middle School","737","Grover Washington, Jr. School","14th of 33","18th of 33","8th of 33","22nd of 33",NA,30,159,1,0.00176991,99,0.17522124,352,0.62300885,82,0.14513274,18,0.03185841,0,0,13,0.02300885
"36",-75.075,40.03,7460,531,"Elem/Middle","746","William H. Ziegler School","70th of 126","63rd of 126","62nd of 126","72nd of 126",NA,10,31,0,0,23,0.0433145,252,0.47457627,168,0.31638418,46,0.086629,0,0,42,0.07909605
"37",-75.067,40,7470,611,"Elem/Middle","747","Bridesburg School","31st of 61","13th of 61","55th of 61","15th of 62",NA,7,17,1,0.00163666,5,0.00818331,8,0.01309329,38,0.06219313,43,0.07037643,0,0,516,0.84451718
"38",-75.115,39.994,5230,463,"Middle School","523","Russell H. Conwell School","8th of 33","4th of 33","8th of 33","19th of 33",NA,20,27,0,0,22,0.0475162,209,0.45140389,168,0.36285097,16,0.03455724,0,0,48,0.10367171
"39",-75.178,39.99,4470,373,"Elementary School","447","Richard R. Wright School","59th of 61","61st of 61","55th of 61","59th of 62",NA,76,96,2,0.00536193,0,0,330,0.8847185,9,0.02412869,32,0.08579088,0,0,0,0
"40",-75.136,39.975,5370,411,"Elementary School","537","John Moffet School","29th of 61","15th of 61","41st of 61","17th of 62",NA,6,22,1,0.00243309,2,0.00486618,45,0.10948905,231,0.5620438,85,0.20681265,1,0.00243309,46,0.11192214
"41",-75.13,39.973,5200,412,"Elem/Middle","520","Alexander Adaire School","47th of 126","36th of 126","56th of 126","66th of 126",NA,14,37,0,0,6,0.01456311,34,0.08252427,49,0.11893204,27,0.06553398,0,0,296,0.7184466
"42",-75.215,39.973,1490,487,"Elementary School","149","Rudolph Blankenburg School","123rd of 126","108th of 126","116th of 126","116th of 126",NA,61,135,1,0.00205339,0,0,460,0.94455852,9,0.01848049,15,0.03080082,0,0,2,0.00410678
"43",-75.143,39.968,5150,480,"High School","515","William W. Bodine High School","9th of 71","6th of 70","18th of 71","10th of 72","7th of 70",8,0,1,0.00208333,65,0.13541667,257,0.53541667,88,0.18333333,20,0.04166667,0,0,49,0.10208333
"44",-75.235,39.955,1290,618,"Elem/Middle","129","Andrew Hamilton School","88th of 126","68th of 126","86th of 126","75th of 126",NA,28,114,1,0.00161812,4,0.00647249,555,0.89805825,9,0.01456311,41,0.06634304,0,0,8,0.01294498
"45",-75.217,39.954,1340,505,"Elem/Middle","134","Henry C. Lea School","70th of 126","85th of 126","38th of 126","81st of 126",NA,48,47,0,0,31,0.06138614,405,0.8019802,7,0.01386139,37,0.07326733,0,0,25,0.04950495
"46",-75.156,39.93,2580,543,"Elem/Middle","258","Elizabeth B. Kirkbride School","12th of 126","19th of 126","16th of 126","3rd of 126",NA,5,4,1,0.00184162,210,0.38674033,58,0.106814,223,0.4106814,29,0.053407,0,0,22,0.04051565
"47",-75.181,39.929,2370,722,"Elem/Middle","237","Delaplaine McDaniel School","109th of 126","118th of 126","86th of 126","118th of 126",NA,74,145,2,0.00277008,14,0.01939058,648,0.89750693,18,0.02493075,32,0.04432133,0,0,8,0.01108033
"48",-75.161,39.921,2540,502,"Elementary School","254","Francis S. Key School","9th of 61","23rd of 61","19th of 61","3rd of 62",NA,5,17,0,0,252,0.50199203,49,0.09760956,130,0.25896414,16,0.03187251,0,0,55,0.10956175
"49",-75.237,39.916,1400,610,"Elementary School","140","John M. Patterson School","21st of 61","41st of 61","9th of 61","27th of 62",NA,2,35,2,0.00327869,27,0.0442623,525,0.86065574,16,0.02622951,30,0.04918033,0,0,10,0.01639344
"50",-75.255,39.974,4480,243,"Elem/Middle","448","Overbrook Educational Center","8th of 126","25th of 126","10th of 126","14th of 126",NA,6,7,3,0.01234568,4,0.01646091,192,0.79012346,14,0.05761317,28,0.11522634,0,0,2,0.00823045
"51",-75.009,40.055,8270,522,"Elementary School","827","Thomas Holme School","17th of 61","14th of 61","21st of 61","25th of 62",NA,10,27,0,0,41,0.07854406,144,0.27586207,63,0.12068966,74,0.14176245,1,0.00191571,199,0.38122605
"52",-75.178,40.054,6220,465,"Elementary School","622","Eleanor C. Emlen School","54th of 61","46th of 61","51st of 61","48th of 62",NA,6,80,0,0,0,0,425,0.91397849,6,0.01290323,27,0.05806452,0,0,7,0.01505376
"53",-75.044,40.046,8140,554,"Middle School","814","Austin Meehan School","20th of 33","16th of 33","24th of 33","19th of 33",NA,62,78,0,0,36,0.06498195,180,0.32490975,100,0.18050542,38,0.06859206,0,0,200,0.36101083
"54",-75.065,40.045,8340,1368,"Elementary School","834","Solomon Solis-Cohen School","5th of 61","19th of 61","3rd of 61","8th of 62",NA,43,26,3,0.00219298,305,0.22295322,323,0.23611111,376,0.2748538,165,0.12061404,7,0.00511696,189,0.13815789
"55",-75.129,40.04,7350,886,"Elementary School","735","James R. Lowell School","31st of 61","29th of 61","27th of 61","25th of 62",NA,15,70,2,0.00225734,161,0.18171558,509,0.5744921,119,0.13431151,88,0.0993228,0,0,7,0.00790068
"56",-75.13,40.029,7390,690,"Elem/Middle","739","Andrew J. Morrison School","76th of 126","81st of 126","51st of 126","82nd of 126",NA,28,104,0,0,59,0.08550725,368,0.53333333,215,0.3115942,40,0.05797101,0,0,8,0.0115942
"57",-75.157,40.019,6390,602,"Elem/Middle","639","Edward T. Steel School","97th of 126","101st of 126","70th of 126","99th of 126",NA,13,27,8,0.01328904,0,0,562,0.93355482,13,0.02159468,15,0.02491694,0,0,4,0.00664452
"58",-75.129,40.006,7730,439,"Middle School","773","Roberto Clemente School","28th of 33","32nd of 33","23rd of 33","29th of 33",NA,64,115,0,0,1,0.0022779,146,0.33257403,283,0.64464692,3,0.00683371,0,0,6,0.01366743
"59",-75.138,40.007,7440,571,"Elementary School","744","Bayard Taylor School","40th of 61","55th of 61","29th of 61","40th of 62",NA,18,37,0,0,3,0.00525394,107,0.18739054,424,0.74255692,37,0.0647986,0,0,0,0
"60",-75.136,40.002,5680,723,"Elem/Middle","568","Honorable Luis Munoz-Marin School","112nd of 126","94th of 126","119th of 126","88th of 126",NA,28,109,1,0.00138313,2,0.00276625,75,0.10373444,609,0.84232365,27,0.0373444,0,0,9,0.01244813
"61",-75.141,39.997,5390,631,"Elem/Middle","539","Potter-Thomas School","82nd of 126","119th of 126","27th of 126","99th of 126",NA,14,96,1,0.00158479,4,0.00633914,127,0.20126783,469,0.74326466,25,0.03961965,0,0,5,0.00792393
"62",-75.132,39.994,5410,247,"Elementary School","541","Isaac A. Sheppard School","52nd of 61","44th of 61","33rd of 61","57th of 62",NA,4,43,0,0,1,0.00404858,22,0.08906883,205,0.82995951,14,0.05668016,0,0,5,0.02024291
"63",-75.117,39.993,5440,784,"Elementary School","544","Frances E. Willard School","12th of 61","27th of 61","3rd of 61","38th of 62",NA,17,39,0,0,0,0,245,0.3125,400,0.51020408,77,0.09821429,0,0,62,0.07908163
"64",-75.251,39.975,4240,577,"Elementary School","424","Lewis C. Cassidy Academics Plus School","40th of 61","35th of 61","35th of 61","45th of 62",NA,11,41,3,0.00519931,4,0.00693241,529,0.91681109,8,0.01386482,26,0.04506066,1,0.0017331,6,0.01039861
"65",-75.162,39.964,2010,713,"High School","201","Benjamin Franklin High School","64th of 71","66th of 70","62nd of 71","61st of 72","60th of 70",102,118,0,0,38,0.05329593,558,0.7826087,96,0.13464236,9,0.01262272,0,0,12,0.01683029
"66",-75.183,39.922,2410,506,"Middle/High","241","Girard Academic Music Program","4th of 71","3rd of 70","8th of 71","5th of 72","City Leader",5,0,1,0.00197628,94,0.18577075,148,0.29249012,17,0.03359684,21,0.04150198,0,0,225,0.44466403
"67",-75.183,39.922,2410,506,"Middle/High","241","Girard Academic Music Program","4th of 71","3rd of 70","8th of 71","5th of 72","City Leader",5,0,1,0.00197628,94,0.18577075,148,0.29249012,17,0.03359684,21,0.04150198,0,0,225,0.44466403
"68",-75.183,39.922,2410,506,"Middle/High","241","Girard Academic Music Program","6th of 33","2nd of 33","12th of 33","2nd of 33",NA,5,0,1,0.00197628,94,0.18577075,148,0.29249012,17,0.03359684,21,0.04150198,0,0,225,0.44466403
"69",-75.183,39.922,2410,506,"Middle/High","241","Girard Academic Music Program","6th of 33","2nd of 33","12th of 33","2nd of 33",NA,5,0,1,0.00197628,94,0.18577075,148,0.29249012,17,0.03359684,21,0.04150198,0,0,225,0.44466403
"70",-75.174,39.97,2210,427,"Elem/Middle","221","Bache-Martin School","80th of 126","50th of 126","95th of 126","63rd of 126",NA,45,48,1,0.00234192,5,0.0117096,280,0.6557377,35,0.08196721,48,0.11241218,0,0,58,0.13583138
"71",-75.057,40.096,8430,703,"Elem/Middle","843","Joseph Greenberg School","2nd of 126","6th of 126","14th of 126","5th of 126",NA,11,5,3,0.00426743,168,0.23897582,84,0.11948791,33,0.04694168,50,0.07112376,0,0,365,0.51920341
"72",-74.988,40.081,8320,227,"Middle School","832","General J. Harry LaBrum School","15th of 33","10th of 33","15th of 33","11th of 33",NA,25,26,0,0,10,0.04405286,31,0.13656388,31,0.13656388,10,0.04405286,0,0,145,0.63876652
"73",-75.203,40.075,6270,462,"Elem/Middle","627","John S. Jenks School","47th of 126","32nd of 126","102nd of 126","18th of 126",NA,13,12,0,0,4,0.00865801,354,0.76623377,11,0.02380952,44,0.0952381,0,0,49,0.10606061
"74",-75.069,40.052,8120,1134,"Middle School","812","Woodrow Wilson School","11th of 33","14th of 33","10th of 33","9th of 33",NA,57,153,1,0.00088183,223,0.19664903,359,0.31657848,258,0.22751323,88,0.07760141,4,0.00352734,201,0.17724868
"75",-75.077,40.049,8310,1166,"Elementary School","831","J. Hampton Moore School","17th of 61","22nd of 61","23rd of 61","10th of 62",NA,12,51,4,0.00343053,199,0.17066895,414,0.35506003,264,0.22641509,137,0.11749571,0,0,148,0.12692967
"76",-75.222,40.049,6040,511,"High School","604","Walter B. Saul High School","27th of 71","21st of 70","40th of 71","20th of 72","18th of 70",6,30,2,0.00391389,5,0.00978474,325,0.63600783,73,0.14285714,10,0.01956947,0,0,96,0.18786693
"77",-75.119,40.044,7270,835,"Elem/Middle","727","Thomas K. Finletter School","59th of 126","65th of 126","42nd of 126","71st of 126",NA,25,78,2,0.00239521,94,0.11257485,559,0.66946108,114,0.13652695,60,0.07185629,0,0,6,0.00718563
"78",-75.052,40.039,8300,1176,"Elem/Middle","830","Mayfair School","2nd of 126","15th of 126","4th of 126","34th of 126",NA,73,47,0,0,224,0.19047619,158,0.13435374,200,0.17006803,112,0.0952381,0,0,482,0.40986395
"79",-75.047,40.028,8240,868,"Elem/Middle","824","Hamilton Disston School","106th of 126","80th of 126","116th of 126","94th of 126",NA,34,132,4,0.00460829,23,0.0264977,263,0.30299539,252,0.29032258,92,0.10599078,0,0,234,0.26958525
"80",-75.067,40.016,7430,722,"Elementary School","743","James J. Sullivan School","57th of 61","48th of 61","51st of 61","53rd of 62",NA,23,60,1,0.00138504,4,0.00554017,315,0.43628809,221,0.30609418,90,0.12465374,0,0,91,0.12603878
"81",-75.128,40.013,5020,1365,"High School","502","Thomas A. Edison High School","68th of 71","61st of 70","63rd of 71","70th of 72","68th of 70",115,436,0,0,9,0.00659341,322,0.23589744,1012,0.74139194,10,0.00732601,0,0,12,0.00879121
"82",-75.102,40.008,7300,900,"Elem/Middle","730","Francis Hopkinson School","104th of 126","101st of 126","99th of 126","91st of 126",NA,32,210,0,0,36,0.04,208,0.23111111,558,0.62,58,0.06444444,2,0.00222222,38,0.04222222
"83",-75.174,39.987,4270,556,"Elem/Middle","427","William Dick School","97th of 126","101st of 126","82nd of 126","85th of 126",NA,4,36,0,0,0,0,522,0.93884892,11,0.01978417,22,0.03956835,0,0,1,0.00179856
"84",-75.248,39.907,1440,620,"Elem/Middle","144","Penrose School","57th of 126","68th of 126","30th of 126","75th of 126",NA,57,139,2,0.00322581,22,0.03548387,510,0.82258065,12,0.01935484,64,0.10322581,0,0,10,0.01612903
"85",-75.171,40.073,6210,489,"Elementary School","621","Franklin S. Edmonds School","27th of 61","25th of 61","38th of 61","11th of 62",NA,17,29,0,0,0,0,454,0.92842536,1,0.00204499,32,0.06543967,1,0.00204499,1,0.00204499
"86",-75.159,40.065,6350,355,"Elementary School","635","Samuel Pennypacker School","43rd of 61","36th of 61","35th of 61","43rd of 62",NA,29,75,0,0,1,0.0028169,320,0.90140845,9,0.02535211,22,0.06197183,0,0,3,0.0084507
"87",-75.027,40.06,8410,762,"Elementary School","841","Robert B. Pollock School","30th of 61","15th of 61","48th of 61","15th of 62",NA,45,42,5,0.00656168,97,0.12729659,278,0.3648294,107,0.14041995,91,0.11942257,1,0.00131234,183,0.24015748
"88",-75.142,40.041,7320,270,"Elementary School","732","Julia W. Howe School","40th of 61","46th of 61","31st of 61","42nd of 62",NA,4,17,0,0,1,0.0037037,244,0.9037037,4,0.01481481,20,0.07407407,0,0,1,0.0037037
"89",-75.036,40.035,8250,1116,"Elementary School","825","Edwin Forrest School","35th of 61","19th of 61","45th of 61","27th of 62",NA,12,68,2,0.00179211,34,0.03046595,325,0.29121864,224,0.20071685,152,0.13620072,0,0,379,0.33960573
"90",-75.121,40.031,7400,860,"Elem/Middle","740","Olney School","21st of 126","73rd of 126","5th of 126","65th of 126",NA,38,38,2,0.00232558,128,0.14883721,373,0.43372093,290,0.3372093,51,0.05930233,0,0,16,0.01860465
"91",-75.173,40.025,6470,658,"Elementary School","647","John B. Kelly School","12th of 61","31st of 61","City Leader","50th of 62",NA,34,68,1,0.00151976,0,0,582,0.88449848,11,0.01671733,59,0.08966565,0,0,5,0.00759878
"92",-75.085,40.022,7010,1222,"High School","701","Frankford High School","62nd of 71","56th of 70","54th of 71","59th of 72","67th of 70",93,295,2,0.00163666,15,0.01227496,642,0.52536825,410,0.33551555,34,0.02782324,0,0,119,0.09738134
"93",-75.059,40.02,7330,747,"Elementary School","733","Henry W. Lawton School","20th of 61","32nd of 61","7th of 61","32nd of 62",NA,8,32,3,0.00401606,18,0.02409639,251,0.33601071,188,0.25167336,102,0.13654618,1,0.00133869,184,0.24631861
"94",-75.085,40.012,7290,556,"Elem/Middle","729","Allen M. Stearne School","70th of 126","94th of 126","11th of 126","119th of 126",NA,22,107,5,0.00899281,1,0.00179856,289,0.51978417,196,0.35251799,50,0.08992806,0,0,15,0.02697842
"95",-75.192,40.013,6320,277,"Elem/Middle","632","Thomas Mifflin School","66th of 126","65th of 126","33rd of 126","95th of 126",NA,10,63,0,0,1,0.00361011,227,0.81949458,6,0.02166065,14,0.05054152,0,0,29,0.10469314
"96",-75.184,39.99,4140,439,"High School","414","Strawberry Mansion High School","68th of 71","70th of 70","57th of 71","72nd of 72","68th of 70",56,321,1,0.0022779,0,0,431,0.98177677,6,0.01366743,0,0,0,0,1,0.0022779
"97",-75.238,39.981,4020,744,"High School","402","Overbrook High School","68th of 71","53rd of 70","66th of 71","70th of 72","61st of 70",122,384,0,0,0,0,755,0.9754522,13,0.01679587,4,0.00516796,0,0,2,0.00258398
"98",-75.22,39.967,1410,578,"Elementary School","141","James Rhoads School","124th of 126","108th of 126","125th of 126","121st of 126",NA,37,252,1,0.0017301,2,0.00346021,531,0.91868512,13,0.02249135,29,0.05017301,0,0,2,0.00346021
"99",-75.178,39.952,2470,580,"Elem/Middle","247","Albert M. Greenfield School","23rd of 126","13th of 126","65th of 126","8th of 126",NA,3,0,3,0.00517241,57,0.09827586,188,0.32413793,24,0.04137931,63,0.10862069,0,0,245,0.42241379
"100",-75.216,39.941,1260,617,"Elementary School","126","Benjamin B. Comegys School","119th of 126","108th of 126","112nd of 126","113rd of 126",NA,21,71,1,0.00162075,0,0,585,0.94813614,10,0.01620746,19,0.03079417,0,0,2,0.00324149
"101",-75.151,39.94,2380,563,"Elem/Middle","238","William M. Meredith School","9th of 126","5th of 126","30th of 126","5th of 126",NA,3,0,1,0.0017762,59,0.10479574,80,0.14209591,34,0.06039076,46,0.08170515,0,0,343,0.60923623
"102",-75.165,39.939,2020,701,"High School","202","High School for Creative and Performing Arts","14th of 71","10th of 70","27th of 71","8th of 72","21st of 70",11,12,1,0.00142653,31,0.04422254,393,0.56062767,74,0.10556348,23,0.03281027,0,0,179,0.2553495
"103",-75.17,39.935,2260,598,"Elementary School","226","George W. Childs School","41st of 126","50th of 126","20th of 126","73rd of 126",NA,37,68,3,0.00501672,141,0.23578595,328,0.54849498,83,0.13879599,34,0.05685619,1,0.00167224,8,0.01337793
"104",-75.16,39.926,2640,583,"Elem/Middle","264","Southwark School","46th of 126","68th of 126","46th of 126","23rd of 126",NA,38,48,2,0.00343053,228,0.39108062,79,0.135506,198,0.33962264,20,0.03430532,0,0,56,0.09605489
"105",-75.232,39.921,1130,545,"Middle School","113","William T. Tilden School","32nd of 33","31st of 33","28th of 33","25th of 33",NA,48,62,0,0,40,0.0733945,485,0.88990826,8,0.0146789,8,0.0146789,0,0,4,0.00733945
"106",-75.168,39.919,2520,269,"Elementary School","252","Abram S. Jenks School","15th of 61","2nd of 61","54th of 61","11th of 62",NA,4,13,0,0,82,0.30483271,23,0.08550186,15,0.05576208,34,0.12639405,0,0,115,0.42750929
"107",-75.146,40.038,6050,1044,"High School","605","Philadelphia High School for Girls","7th of 71","9th of 70","2nd of 71","17th of 72","6th of 70",6,0,0,0,173,0.16570881,685,0.65613027,107,0.10249042,29,0.02777778,0,0,50,0.04789272
"108",-75.028,40.088,8400,1227,"Elementary School","840","Anne Frank School","City Leader","3rd of 61","6th of 61","City Leader",NA,3,13,5,0.00407498,273,0.22249389,186,0.15158924,119,0.09698452,128,0.10431948,2,0.00162999,514,0.41890791
"109",-75.149,40.048,7490,545,"Elementary School","749","Prince Hall School","43rd of 61","44th of 61","51st of 61","24th of 62",NA,17,37,0,0,0,0,493,0.90458716,5,0.00917431,44,0.08073394,0,0,3,0.00550459
"110",-75.025,40.043,8210,555,"Elem/Middle","821","Joseph H. Brown School","8th of 61","23rd of 61","5th of 61","29th of 62",NA,18,17,2,0.0036036,27,0.04864865,151,0.27207207,87,0.15675676,76,0.13693694,0,0,212,0.38198198
"111",-75.104,40.042,7280,1014,"Elem/Middle","728","Benjamin Franklin School","76th of 126","73rd of 126","67th of 126","60th of 126",NA,40,60,1,0.00098619,54,0.05325444,617,0.60848126,220,0.21696252,90,0.0887574,0,0,32,0.03155819
"112",-75.151,40.043,6340,375,"Elementary School","634","Joseph Pennell School","61st of 61","59th of 61","60th of 61","61st of 62",NA,24,110,2,0.00533333,0,0,353,0.94133333,7,0.01866667,10,0.02666667,0,0,3,0.008
"113",-75.15,40.037,6010,2238,"High School","601","Central High School","3rd of 71","City Leader","14th of 71","2nd of 72","City Leader",32,18,4,0.00178731,731,0.32663092,671,0.29982127,192,0.08579088,107,0.04781055,0,0,533,0.23815907
"114",-75.167,40.033,6430,383,"Elementary School","643","John Wister School","55th of 61","52nd of 61","43rd of 61","55th of 62",NA,3,39,0,0,0,0,368,0.96083551,3,0.0078329,9,0.02349869,0,0,3,0.0078329
"115",-75.172,39.956,3360,486,"Elementary School","W60","Russell Byers Charter School","11th of 61","5th of 61","40th of 61","4th of 62",NA,NA,NA,NA,NA,NA,NA,NA,NA,NA,NA,NA,NA,NA,NA,NA,NA
"116",-75.165,39.978,4570,366,"Elem/Middle","457","General George G. Meade School","116th of 126","125th of 126","110th of 126","98th of 126",NA,14,0,0,0,0,0,339,0.92622951,7,0.01912568,12,0.03278689,0,0,8,0.02185792
"117",-75.229,39.978,4300,481,"Elem/Middle","430","Edward Heston School","106th of 126","105th of 126","80th of 126","121st of 126",NA,57,123,1,0.002079,0,0,445,0.92515593,7,0.01455301,25,0.05197505,0,0,3,0.00623701
"118",-75.152,39.95,2670,351,"High School","267","Constitution High School","32nd of 71","24th of 70","50th of 71","25th of 72","9th of 70",18,47,0,0,24,0.06837607,248,0.70655271,46,0.13105413,6,0.01709402,0,0,27,0.07692308
"119",-75.168,39.998,4380,446,"Elem/Middle","438","Thomas M. Peirce School","55th of 61","57th of 61","38th of 61","56th of 62",NA,16,41,0,0,0,0,420,0.94170404,3,0.00672646,21,0.0470852,0,0,2,0.0044843
"120",-75.161,39.983,4030,740,"High School","403","High School of Engineering and Science","City Leader","2nd of 70","City Leader","4th of 72","5th of 70",12,44,1,0.00135135,69,0.09324324,567,0.76621622,51,0.06891892,24,0.03243243,0,0,28,0.03783784
"121",-75.245,39.947,1460,521,"Elem/Middle","146","Add B. Anderson School","92nd of 126","94th of 126","75th of 126","82nd of 126",NA,12,3,0,0,0,0,479,0.9193858,11,0.02111324,21,0.0403071,1,0.00191939,9,0.01727447
"122",-75.223,39.937,1370,681,"Elementary School","137","S. Weir Mitchell School","60th of 61","60th of 61","59th of 61","61st of 62",NA,51,133,2,0.00293686,0,0,641,0.94126285,7,0.010279,22,0.03230543,0,0,9,0.01321586
"123",-75.227,39.924,1380,798,"Elementary School","138","Thomas G. Morton School","37th of 61","49th of 61","17th of 61","47th of 62",NA,33,58,0,0,36,0.04511278,686,0.85964912,14,0.01754386,46,0.05764411,0,0,16,0.02005013
"124",-75.129,39.985,5550,432,"High School","555","Kensington Health Sciences Academy","62nd of 71","66th of 70","59th of 71","55th of 72","62nd of 70",18,90,0,0,7,0.0162037,144,0.33333333,240,0.55555556,8,0.01851852,0,0,33,0.07638889
"125",-75.23,40.031,6450,286,"Elem/Middle","645","James Dobson School","29th of 126","16th of 126","59th of 126","41st of 126",NA,6,8,0,0,7,0.02447552,106,0.37062937,10,0.03496503,35,0.12237762,0,0,128,0.44755245
"126",-75.159,39.986,4460,605,"Elem/Middle","446","Tanner G. Duckrey School","122nd of 126","122nd of 126","99th of 126","120th of 126",NA,37,153,0,0,0,0,559,0.92396694,22,0.03636364,16,0.02644628,0,0,8,0.01322314
"127",-75.242,39.986,4100,181,"Middle School","410","Dimner Beeber School","27th of 33","20th of 33","22nd of 33","33rd of 33",NA,54,97,0,0,0,0,177,0.97790055,2,0.01104972,2,0.01104972,0,0,0,0
"128",-75.11,39.983,5400,681,"Elementary School","540","Richmond School","22nd of 61","25th of 61","14th of 61","33rd of 62",NA,22,23,2,0.00293686,7,0.010279,136,0.19970631,164,0.24082232,76,0.11160059,0,0,296,0.43465492
"129",-75.211,39.966,1420,467,"Elem/Middle","142","Martha Washington School","95th of 126","81st of 126","93rd of 126","79th of 126",NA,18,43,2,0.00428266,1,0.00214133,413,0.88436831,2,0.00428266,45,0.09635974,0,0,4,0.00856531
"130",-75.22,39.959,1020,578,"High School","102","West Philadelphia High School","56th of 71","61st of 70","43rd of 71","61st of 72","53rd of 70",71,186,2,0.00346021,8,0.01384083,548,0.94809689,12,0.02076125,3,0.00519031,1,0.0017301,4,0.00692042
"131",-75.163,39.935,2510,463,"Elem/Middle","251","Andrew Jackson School","51st of 126","42nd of 126","86th of 126","27th of 126",NA,11,17,2,0.00431965,60,0.12958963,116,0.25053996,168,0.36285097,43,0.09287257,0,0,74,0.15982721
"132",-75.169,39.924,2000,761,"High School","200","South Philadelphia High School","64th of 71","53rd of 70","66th of 71","61st of 72","57th of 70",73,301,1,0.00131406,149,0.19579501,454,0.59658344,81,0.1064389,13,0.01708279,0,0,63,0.08278581
"133",-75.179,40.009,6090,540,"High School","609","A. Philip Randolph Career and Technical High School","45th of 71","46th of 70","46th of 71","36th of 72","49th of 70",37,53,0,0,2,0.0037037,487,0.90185185,39,0.07222222,3,0.00555556,0,0,9,0.01666667
"134",-75.025,40.106,8030,1521,"High School","803","George Washington High School","41st of 71","27th of 70","48th of 71","45th of 72","43rd of 70",151,292,3,0.00197239,216,0.14201183,404,0.26561473,176,0.11571335,68,0.04470743,0,0,654,0.42998028
"135",-74.989,40.067,8180,517,"Elementary School","818","John Hancock Demonstration School","12th of 61","8th of 61","35th of 61","4th of 62",NA,10,7,2,0.00386847,14,0.0270793,44,0.08510638,44,0.08510638,64,0.1237911,0,0,349,0.67504836
"136",-75.052,40.067,8380,1061,"Elem/Middle","838","Louis H. Farrell School","13th of 126","23rd of 126","15th of 126","18th of 126",NA,8,24,3,0.00282752,131,0.12346843,162,0.15268615,151,0.14231857,178,0.16776626,1,0.00094251,435,0.40999057
"137",-75.081,40.062,8230,364,"Elementary School","823","Kennedy C. Crossan School","27th of 61","11th of 61","57th of 61","8th of 62",NA,4,5,2,0.00549451,30,0.08241758,98,0.26923077,62,0.17032967,51,0.14010989,0,0,121,0.33241758
"138",-75.148,40.059,7530,518,"Elementary School","753","William Rowen School","39th of 61","41st of 61","33rd of 61","35th of 62",NA,14,30,1,0.0019305,0,0,479,0.92471042,5,0.00965251,23,0.04440154,0,0,10,0.01930502
"139",-75.223,40.037,6030,564,"High School","603","Roxborough High School","52nd of 71","46th of 70","56th of 71","53rd of 72","48th of 70",94,170,0,0,5,0.00886525,465,0.82446809,24,0.04255319,10,0.0177305,0,0,60,0.10638298
"140",-75.135,40.03,5500,696,"Elem/Middle","550","Thurgood Marshall School","36th of 126","85th of 126","8th of 126","89th of 126",NA,17,136,0,0,33,0.04741379,395,0.56752874,185,0.2658046,72,0.10344828,0,0,11,0.0158046
"141",-75.166,40.026,6230,273,"Elem/Middle","623","Fitler Academics Plus School","36th of 126","32nd of 126","65th of 126","32nd of 126",NA,6,10,2,0.00732601,0,0,257,0.94139194,5,0.01831502,8,0.02930403,0,0,1,0.003663
"142",-75.105,39.996,5590,888,"Elementary School","559","John H. Webster School","50th of 61","38th of 61","41st of 61","50th of 62",NA,48,83,4,0.0045045,4,0.0045045,270,0.30405405,427,0.48085586,91,0.10247748,1,0.00112613,91,0.10247748
"143",-75.139,39.986,5420,504,"Elem/Middle","542","John Welsh School","97th of 126","73rd of 126","102nd of 126","73rd of 126",NA,66,5,0,0,6,0.01190476,130,0.25793651,336,0.66666667,28,0.05555556,0,0,4,0.00793651
"144",-75.184,39.985,4220,424,"Elem/Middle","422","James G. Blaine School","112nd of 126","88th of 126","119th of 126","99th of 126",NA,13,66,0,0,0,0,378,0.89150943,13,0.03066038,30,0.07075472,0,0,3,0.00707547
"145",-75.267,39.976,4320,518,"Elem/Middle","432","Robert E. Lamberton School","60th of 126","81st of 126","46th of 126","60th of 126",NA,46,62,1,0.0019305,4,0.00772201,470,0.90733591,20,0.03861004,22,0.04247104,0,0,1,0.0019305
"146",-75.267,39.976,4320,518,"Elem/Middle","432","Robert E. Lamberton School","60th of 126","81st of 126","46th of 126","60th of 126",NA,46,62,1,0.0019305,4,0.00772201,470,0.90733591,20,0.03861004,22,0.04247104,0,0,1,0.0019305
"147",-75.146,39.972,5340,304,"Elem/Middle","534","James R. Ludlow School","80th of 126","73rd of 126","42nd of 126","99th of 126",NA,15,59,2,0.00657895,0,0,211,0.69407895,64,0.21052632,25,0.08223684,0,0,2,0.00657895
"148",-75.163,39.965,2290,787,"High School","229","Franklin Learning Center","25th of 71","12th of 70","46th of 71","31st of 72","23rd of 70",22,32,3,0.00381194,86,0.10927573,402,0.51080051,151,0.19186785,14,0.01778907,0,0,131,0.16645489
"149",-75.23,39.947,1300,607,"Elementary School","130","Avery D. Harrington School","70th of 126","55th of 126","70th of 126","77th of 126",NA,15,30,1,0.00164745,0,0,545,0.89785832,15,0.0247117,33,0.05436573,0,0,13,0.0214168
"150",-75.163,39.915,2190,554,"Elem/Middle","219","D. Newlin Fell School","26th of 126","25th of 126","36th of 126","36th of 126",NA,9,28,1,0.00180505,230,0.41516245,61,0.1101083,92,0.16606498,34,0.06137184,0,0,136,0.24548736
"151",-75.009,40.121,8370,507,"Elementary School","837","Watson Comly School","4th of 61","4th of 61","14th of 61","4th of 62",NA,8,4,3,0.00591716,59,0.11637081,56,0.11045365,43,0.08481262,62,0.12228797,0,0,284,0.56015779
"152",-75.081,40.075,8260,462,"Elementary School","826","Fox Chase School","23rd of 61","10th of 61","48th of 61","13th of 62",NA,8,29,0,0,38,0.08225108,96,0.20779221,60,0.12987013,52,0.11255411,0,0,216,0.46753247
"153",-75.175,40.071,6100,266,"Middle School","610","Morris E. Leeds School","33rd of 33","30th of 33","32nd of 33","32nd of 33",NA,45,161,0,0,1,0.0037594,253,0.95112782,9,0.03383459,2,0.0075188,0,0,1,0.0037594
"154",-75.071,40.056,8020,2965,"High School","802","Northeast High School","32nd of 71","19th of 70","22nd of 71","44th of 72","39th of 70",95,551,7,0.00236088,644,0.21720067,921,0.31062395,643,0.21686341,177,0.05969646,3,0.0010118,570,0.19224283
"155",-75.195,40.06,6260,382,"Elem/Middle","626","Henry H. Houston School","87th of 126","68th of 126","106th of 126","58th of 126",NA,18,53,0,0,3,0.0078534,331,0.86649215,8,0.02094241,27,0.07068063,0,0,13,0.03403141
"156",-75.138,40.055,7260,317,"Elementary School","726","Ellwood School","33rd of 61","36th of 61","22nd of 61","39th of 62",NA,18,28,1,0.00315457,2,0.00630915,286,0.9022082,6,0.01892744,21,0.06624606,0,0,1,0.00315457
"157",-75.156,39.965,5560,275,"Elem/Middle","556","Spring Garden School","66th of 126","88th of 126","23rd of 126","93rd of 126",NA,5,25,1,0.00363636,9,0.03272727,214,0.77818182,40,0.14545455,7,0.02545455,0,0,4,0.01454545
"158",-75.176,39.942,2480,259,"Elem/Middle","248","Chester A. Arthur School","119th of 126","94th of 126","123rd of 126","106th of 126",NA,20,60,0,0,9,0.03474903,205,0.79150579,10,0.03861004,24,0.09266409,0,0,11,0.04247104
"159",-75.233,39.94,1350,485,"Elem/Middle","135","William C. Longstreth School","112nd of 126","105th of 126","102nd of 126","115th of 126",NA,17,176,3,0.00618557,2,0.00412371,463,0.95463918,3,0.00618557,13,0.02680412,0,0,1,0.00206186
"160",-75.16,39.963,5080,535,"High School","508","Parkway Center City High School","13th of 71","17th of 70","10th of 71","20th of 72","11th of 70",9,15,1,0.00186916,34,0.0635514,442,0.82616822,42,0.07850467,8,0.01495327,0,0,8,0.01495327
"161",-75.092,40.036,7120,1101,"High School","712","Samuel Fels High School","58th of 71","46th of 70","50th of 71","58th of 72","56th of 70",205,504,3,0.0027248,88,0.07992734,732,0.66485014,223,0.20254314,20,0.0181653,1,0.00090827,34,0.03088102
"162",-75.174,39.952,3318,947,"Middle/High","W18","Freire Charter School","19th of 71","17th of 70","12th of 71","35th of 72","38th of 70",NA,NA,NA,NA,NA,NA,NA,NA,NA,NA,NA,NA,NA,NA,NA,NA
"163",-75.174,39.952,3318,947,"Middle/High","W18","Freire Charter School","19th of 71","17th of 70","12th of 71","35th of 72","38th of 70",NA,NA,NA,NA,NA,NA,NA,NA,NA,NA,NA,NA,NA,NA,NA,NA
"164",-75.174,39.952,3318,947,"Middle/High","W18","Freire Charter School","12th of 33","17th of 33","7th of 33","21st of 33",NA,NA,NA,NA,NA,NA,NA,NA,NA,NA,NA,NA,NA,NA,NA,NA,NA
"165",-75.174,39.952,3318,947,"Middle/High","W18","Freire Charter School","12th of 33","17th of 33","7th of 33","21st of 33",NA,NA,NA,NA,NA,NA,NA,NA,NA,NA,NA,NA,NA,NA,NA,NA,NA
"166",-75.148,39.968,3329,251,"Middle School","W29","Young Scholars Charter School","City Leader","7th of 33","City Leader","4th of 33",NA,NA,NA,NA,NA,NA,NA,NA,NA,NA,NA,NA,NA,NA,NA,NA,NA
"167",-75.082,40.007,3364,1290,"Tutoring","W64","First Philadelphia Preparatory Charter School","57th of 126","27th of 126","94th of 126","41st of 126",NA,NA,NA,NA,NA,NA,NA,NA,NA,NA,NA,NA,NA,NA,NA,NA,NA
"168",-75.243,39.918,3392,489,"Elem/Middle","W92","Southwest Leadership Academy Charter School","38th of 126","50th of 126","46th of 126","25th of 126",NA,NA,NA,NA,NA,NA,NA,NA,NA,NA,NA,NA,NA,NA,NA,NA,NA
"169",-75.187,39.928,3313,576,"High School","W13","Preparatory Charter School of Mathematics, Science, Technology and Careers","11th of 71","14th of 70","10th of 71","16th of 72","19th of 70",NA,NA,NA,NA,NA,NA,NA,NA,NA,NA,NA,NA,NA,NA,NA,NA
"170",-75.252,39.973,3302,545,"Elem/Middle","W02","Harambee Institute of Science and Technology Charter School","35th of 126","38th of 126","51st of 126","21st of 126",NA,NA,NA,NA,NA,NA,NA,NA,NA,NA,NA,NA,NA,NA,NA,NA,NA
"171",-75.165,39.951,3358,575,"High School","W58","Philadelphia Electrical and Technology Charter School","25th of 71","31st of 70","9th of 71","48th of 72","32nd of 70",NA,NA,NA,NA,NA,NA,NA,NA,NA,NA,NA,NA,NA,NA,NA,NA
"172",-75.165,39.98,3315,432,"Elem/Middle","W15","Alliance For Progress Charter School","29th of 126","28th of 126","56th of 126","21st of 126",NA,NA,NA,NA,NA,NA,NA,NA,NA,NA,NA,NA,NA,NA,NA,NA,NA
"173",-75.233,39.952,3388,664,"High School","W88","Boys' Latin of Philadelphia Charter School","35th of 71","41st of 70","59th of 71","10th of 72","26th of 70",NA,NA,NA,NA,NA,NA,NA,NA,NA,NA,NA,NA,NA,NA,NA,NA
"174",-75.131,40.013,3395,721,"Elem/Middle","W95","Antonia Pantoja Charter School","51st of 126","40th of 126","75th of 126","29th of 126",NA,NA,NA,NA,NA,NA,NA,NA,NA,NA,NA,NA,NA,NA,NA,NA,NA
"175",-75.068,40.008,3366,780,"Middle/High","W66","Maritime Academy Charter School","29th of 71","25th of 70","22nd of 71","26th of 72","46th of 70",NA,NA,NA,NA,NA,NA,NA,NA,NA,NA,NA,NA,NA,NA,NA,NA
"176",-75.068,40.008,3366,780,"Middle/High","W66","Maritime Academy Charter School","29th of 71","25th of 70","22nd of 71","26th of 72","46th of 70",NA,NA,NA,NA,NA,NA,NA,NA,NA,NA,NA,NA,NA,NA,NA,NA
"177",-75.068,40.008,3366,780,"Middle/High","W66","Maritime Academy Charter School","21st of 126","14th of 126","54th of 126","14th of 126",NA,NA,NA,NA,NA,NA,NA,NA,NA,NA,NA,NA,NA,NA,NA,NA,NA
"178",-75.068,40.008,3366,780,"Middle/High","W66","Maritime Academy Charter School","21st of 126","14th of 126","54th of 126","14th of 126",NA,NA,NA,NA,NA,NA,NA,NA,NA,NA,NA,NA,NA,NA,NA,NA,NA
"179",-75.147,39.949,3361,561,"Middle/High","W61","Mastery Charter School at Lenfest Campus","21st of 71","15th of 70","37th of 71","12th of 72","20th of 70",NA,NA,NA,NA,NA,NA,NA,NA,NA,NA,NA,NA,NA,NA,NA,NA
"180",-75.147,39.949,3361,561,"Middle/High","W61","Mastery Charter School at Lenfest Campus","21st of 71","15th of 70","37th of 71","12th of 72","20th of 70",NA,NA,NA,NA,NA,NA,NA,NA,NA,NA,NA,NA,NA,NA,NA,NA
"181",-75.147,39.949,3361,561,"Middle/High","W61","Mastery Charter School at Lenfest Campus","18th of 33","15th of 33","27th of 33","9th of 33",NA,NA,NA,NA,NA,NA,NA,NA,NA,NA,NA,NA,NA,NA,NA,NA,NA
"182",-75.147,39.949,3361,561,"Middle/High","W61","Mastery Charter School at Lenfest Campus","18th of 33","15th of 33","27th of 33","9th of 33",NA,NA,NA,NA,NA,NA,NA,NA,NA,NA,NA,NA,NA,NA,NA,NA,NA
"183",-75.171,39.918,3336,1417,"Tutoring","W36","Philadelphia Performing Arts: A String Theory Charter School","32nd of 126","9th of 126","102nd of 126","City Leader",NA,NA,NA,NA,NA,NA,NA,NA,NA,NA,NA,NA,NA,NA,NA,NA,NA
"184",-75.088,40.01,3399,591,"Elem/Mid/High","W99","Sankofa Freedom Academy Charter School","21st of 71","38th of 70","13th of 71","29th of 72","15th of 70",NA,NA,NA,NA,NA,NA,NA,NA,NA,NA,NA,NA,NA,NA,NA,NA
"185",-75.088,40.01,3399,591,"Elem/Mid/High","W99","Sankofa Freedom Academy Charter School","21st of 71","38th of 70","13th of 71","29th of 72","15th of 70",NA,NA,NA,NA,NA,NA,NA,NA,NA,NA,NA,NA,NA,NA,NA,NA
"186",-75.088,40.01,3399,591,"Elem/Mid/High","W99","Sankofa Freedom Academy Charter School","21st of 71","38th of 70","13th of 71","29th of 72","15th of 70",NA,NA,NA,NA,NA,NA,NA,NA,NA,NA,NA,NA,NA,NA,NA,NA
"187",-75.088,40.01,3399,591,"Elem/Mid/High","W99","Sankofa Freedom Academy Charter School","21st of 71","38th of 70","13th of 71","29th of 72","15th of 70",NA,NA,NA,NA,NA,NA,NA,NA,NA,NA,NA,NA,NA,NA,NA,NA
"188",-75.088,40.01,3399,591,"Elem/Mid/High","W99","Sankofa Freedom Academy Charter School","47th of 126","43rd of 126","62nd of 126","44th of 126",NA,NA,NA,NA,NA,NA,NA,NA,NA,NA,NA,NA,NA,NA,NA,NA,NA
"189",-75.088,40.01,3399,591,"Elem/Mid/High","W99","Sankofa Freedom Academy Charter School","47th of 126","43rd of 126","62nd of 126","44th of 126",NA,NA,NA,NA,NA,NA,NA,NA,NA,NA,NA,NA,NA,NA,NA,NA,NA
"190",-75.088,40.01,3399,591,"Elem/Mid/High","W99","Sankofa Freedom Academy Charter School","47th of 126","43rd of 126","62nd of 126","44th of 126",NA,NA,NA,NA,NA,NA,NA,NA,NA,NA,NA,NA,NA,NA,NA,NA,NA
"191",-75.088,40.01,3399,591,"Elem/Mid/High","W99","Sankofa Freedom Academy Charter School","47th of 126","43rd of 126","62nd of 126","44th of 126",NA,NA,NA,NA,NA,NA,NA,NA,NA,NA,NA,NA,NA,NA,NA,NA,NA
"192",-75.045,40.022,3389,492,"Elem/Middle","W89","Keystone Academy Charter School","14th of 126","4th of 126","58th of 126","9th of 126",NA,NA,NA,NA,NA,NA,NA,NA,NA,NA,NA,NA,NA,NA,NA,NA,NA
"193",-75.181,40.032,3393,544,"Middle/High","W93","Mastery Charter School at Pickett Campus","19th of 71","16th of 70","17th of 71","27th of 72","28th of 70",NA,NA,NA,NA,NA,NA,NA,NA,NA,NA,NA,NA,NA,NA,NA,NA
"194",-75.181,40.032,3393,544,"Middle/High","W93","Mastery Charter School at Pickett Campus","19th of 71","16th of 70","17th of 71","27th of 72","28th of 70",NA,NA,NA,NA,NA,NA,NA,NA,NA,NA,NA,NA,NA,NA,NA,NA
"195",-75.181,40.032,3393,544,"Middle/High","W93","Mastery Charter School at Pickett Campus","4th of 33","9th of 33","2nd of 33","17th of 33",NA,NA,NA,NA,NA,NA,NA,NA,NA,NA,NA,NA,NA,NA,NA,NA,NA
"196",-75.181,40.032,3393,544,"Middle/High","W93","Mastery Charter School at Pickett Campus","4th of 33","9th of 33","2nd of 33","17th of 33",NA,NA,NA,NA,NA,NA,NA,NA,NA,NA,NA,NA,NA,NA,NA,NA,NA
"197",-75.205,39.967,3368,533,"Elem/Middle","W68","Belmont Charter School","38th of 126","61st of 126","24th of 126","51st of 126",NA,NA,NA,NA,NA,NA,NA,NA,NA,NA,NA,NA,NA,NA,NA,NA,NA
"198",-75.161,39.968,3335,527,"Elem/Middle","W35","People for People Charter School","66th of 126","46th of 126","99th of 126","39th of 126",NA,NA,NA,NA,NA,NA,NA,NA,NA,NA,NA,NA,NA,NA,NA,NA,NA
"199",-75.152,39.949,3317,596,"High School","W17","Architecture and Design Charter School","18th of 71","31st of 70","15th of 71","12th of 72","33rd of 70",NA,NA,NA,NA,NA,NA,NA,NA,NA,NA,NA,NA,NA,NA,NA,NA
"200",-75.172,40.073,3380,455,"Tutoring","W80","New Media Technology Charter School","39th of 71","39th of 70","25th of 71","36th of 72","51st of 70",NA,NA,NA,NA,NA,NA,NA,NA,NA,NA,NA,NA,NA,NA,NA,NA
"201",-75.172,40.073,3380,455,"Tutoring","W80","New Media Technology Charter School","39th of 71","39th of 70","25th of 71","36th of 72","51st of 70",NA,NA,NA,NA,NA,NA,NA,NA,NA,NA,NA,NA,NA,NA,NA,NA
"202",-75.172,40.073,3380,455,"Tutoring","W80","New Media Technology Charter School","24th of 33","29th of 33","24th of 33","13th of 33",NA,NA,NA,NA,NA,NA,NA,NA,NA,NA,NA,NA,NA,NA,NA,NA,NA
"203",-75.172,40.073,3380,455,"Tutoring","W80","New Media Technology Charter School","24th of 33","29th of 33","24th of 33","13th of 33",NA,NA,NA,NA,NA,NA,NA,NA,NA,NA,NA,NA,NA,NA,NA,NA,NA
"204",-75.156,39.959,3384,481,"Elem/Middle","W84","Folks Arts Cultural Treasures Charter School","City Leader","6th of 126","3rd of 126","9th of 126",NA,NA,NA,NA,NA,NA,NA,NA,NA,NA,NA,NA,NA,NA,NA,NA,NA
"205",-75.168,39.941,3326,644,"Elem/Middle","W26","Universal Institute Charter School","60th of 126","55th of 126","91st of 126","29th of 126",NA,NA,NA,NA,NA,NA,NA,NA,NA,NA,NA,NA,NA,NA,NA,NA,NA
"206",-75.171,40.016,3362,426,"Elem/Middle","W62","Wissahickon Charter School","26th of 126","20th of 126","51st of 126","25th of 126",NA,NA,NA,NA,NA,NA,NA,NA,NA,NA,NA,NA,NA,NA,NA,NA,NA
"207",-75.161,39.961,3321,968,"Elem/Mid/High","W21","Math, Civics and Sciences Charter School","29th of 71","33rd of 70","19th of 71","41st of 72","16th of 70",NA,NA,NA,NA,NA,NA,NA,NA,NA,NA,NA,NA,NA,NA,NA,NA
"208",-75.161,39.961,3321,968,"Elem/Mid/High","W21","Math, Civics and Sciences Charter School","29th of 71","33rd of 70","19th of 71","41st of 72","16th of 70",NA,NA,NA,NA,NA,NA,NA,NA,NA,NA,NA,NA,NA,NA,NA,NA
"209",-75.161,39.961,3321,968,"Elem/Mid/High","W21","Math, Civics and Sciences Charter School","54th of 126","50th of 126","73rd of 126","34th of 126",NA,NA,NA,NA,NA,NA,NA,NA,NA,NA,NA,NA,NA,NA,NA,NA,NA
"210",-75.161,39.961,3321,968,"Elem/Mid/High","W21","Math, Civics and Sciences Charter School","54th of 126","50th of 126","73rd of 126","34th of 126",NA,NA,NA,NA,NA,NA,NA,NA,NA,NA,NA,NA,NA,NA,NA,NA,NA
"211",-75.166,39.944,3303,626,"Middle/High","W03","World Communications Charter School","41st of 71","56th of 70","63rd of 71","20th of 72","35th of 70",NA,NA,NA,NA,NA,NA,NA,NA,NA,NA,NA,NA,NA,NA,NA,NA
"212",-75.166,39.944,3303,626,"Middle/High","W03","World Communications Charter School","41st of 71","56th of 70","63rd of 71","20th of 72","35th of 70",NA,NA,NA,NA,NA,NA,NA,NA,NA,NA,NA,NA,NA,NA,NA,NA
"213",-75.166,39.944,3303,626,"Middle/High","W03","World Communications Charter School","25th of 33","25th of 33","32nd of 33","14th of 33",NA,NA,NA,NA,NA,NA,NA,NA,NA,NA,NA,NA,NA,NA,NA,NA,NA
"214",-75.166,39.944,3303,626,"Middle/High","W03","World Communications Charter School","25th of 33","25th of 33","32nd of 33","14th of 33",NA,NA,NA,NA,NA,NA,NA,NA,NA,NA,NA,NA,NA,NA,NA,NA,NA
"215",-75.226,39.942,3323,820,"Tutoring","W23","Mastery Charter School at Hardy Williams Academy","17th of 71","20th of 70","6th of 71","33rd of 72",NA,NA,NA,NA,NA,NA,NA,NA,NA,NA,NA,NA,NA,NA,NA,NA,NA
"216",-75.226,39.942,3323,820,"Tutoring","W23","Mastery Charter School at Hardy Williams Academy","17th of 71","20th of 70","6th of 71","33rd of 72",NA,NA,NA,NA,NA,NA,NA,NA,NA,NA,NA,NA,NA,NA,NA,NA,NA
"217",-75.226,39.942,3323,820,"Tutoring","W23","Mastery Charter School at Hardy Williams Academy","19th of 126","35th of 126","11th of 126","49th of 126",NA,NA,NA,NA,NA,NA,NA,NA,NA,NA,NA,NA,NA,NA,NA,NA,NA
"218",-75.226,39.942,3323,820,"Tutoring","W23","Mastery Charter School at Hardy Williams Academy","19th of 126","35th of 126","11th of 126","49th of 126",NA,NA,NA,NA,NA,NA,NA,NA,NA,NA,NA,NA,NA,NA,NA,NA,NA
"219",-75.145,40.033,3342,680,"High School","W42","Delaware Valley Charter High School","54th of 71","61st of 70","58th of 71","52nd of 72","40th of 70",NA,NA,NA,NA,NA,NA,NA,NA,NA,NA,NA,NA,NA,NA,NA,NA
"220",-75.176,39.956,2650,497,"High School","265","Science Leadership Academy","10th of 71","4th of 70","32nd of 71","3rd of 72","City Leader",6,2,0,0,48,0.09657948,190,0.38229376,50,0.10060362,27,0.05432596,1,0.00201207,181,0.36418511
"221",-75.074,40.02,3409,682,"Elementary School","X09","Mastery Charter School at Smedley","24th of 61","18th of 61","27th of 61","22nd of 62",NA,NA,NA,NA,NA,NA,NA,NA,NA,NA,NA,NA,NA,NA,NA,NA,NA
"222",-75.156,40.014,3416,1756,"High School","X16","Mastery Charter School at Gratz","54th of 71","36th of 70","43rd of 71","60th of 72","62nd of 70",NA,NA,NA,NA,NA,NA,NA,NA,NA,NA,NA,NA,NA,NA,NA,NA
"223",-75.156,40.014,3416,1756,"High School","X16","Mastery Charter School at Gratz","54th of 71","36th of 70","43rd of 71","60th of 72","62nd of 70",NA,NA,NA,NA,NA,NA,NA,NA,NA,NA,NA,NA,NA,NA,NA,NA
"224",-75.156,40.014,3416,1756,"High School","X16","Mastery Charter School at Gratz","10th of 33","19th of 33","3rd of 33","15th of 33",NA,NA,NA,NA,NA,NA,NA,NA,NA,NA,NA,NA,NA,NA,NA,NA,NA
"225",-75.156,40.014,3416,1756,"High School","X16","Mastery Charter School at Gratz","10th of 33","19th of 33","3rd of 33","15th of 33",NA,NA,NA,NA,NA,NA,NA,NA,NA,NA,NA,NA,NA,NA,NA,NA,NA
"226",-75.126,39.999,3406,675,"Middle School","X06","Aspira Charter School at Stetson","22nd of 33","25th of 33","21st of 33","22nd of 33",NA,NA,NA,NA,NA,NA,NA,NA,NA,NA,NA,NA,NA,NA,NA,NA,NA
"227",-75.17,39.985,3412,769,"Tutoring","X12","Young Scholars Charter School at Frederick Douglass","95th of 126","92nd of 126","84th of 126","79th of 126",NA,NA,NA,NA,NA,NA,NA,NA,NA,NA,NA,NA,NA,NA,NA,NA,NA
"228",-75.231,39.986,3408,496,"Elementary School","X08","Mastery Charter School at Mann","6th of 61","8th of 61","11th of 61","20th of 62",NA,NA,NA,NA,NA,NA,NA,NA,NA,NA,NA,NA,NA,NA,NA,NA,NA
"229",-75.236,39.974,3410,721,"Elementary School","X10","Universal Charter School at Bluford","52nd of 61","51st of 61","60th of 61","22nd of 62",NA,NA,NA,NA,NA,NA,NA,NA,NA,NA,NA,NA,NA,NA,NA,NA,NA
"230",-75.185,39.926,3418,626,"Middle School","X18","Universal Charter School at Vare","21st of 33","25th of 33","18th of 33","22nd of 33",NA,NA,NA,NA,NA,NA,NA,NA,NA,NA,NA,NA,NA,NA,NA,NA,NA
"231",-75.151,39.996,3415,550,"Elem/Middle","X15","Mastery Charter School at Clymer","82nd of 126","59th of 126","95th of 126","56th of 126",NA,NA,NA,NA,NA,NA,NA,NA,NA,NA,NA,NA,NA,NA,NA,NA,NA
"232",-75.236,39.949,3407,569,"Elem/Middle","X07","Mastery Charter School at Harrity","32nd of 126","37th of 126","25th of 126","52nd of 126",NA,NA,NA,NA,NA,NA,NA,NA,NA,NA,NA,NA,NA,NA,NA,NA,NA
"233",-75.199,39.934,3417,258,"High School","X17","Universal Charter School at Audenried","41st of 71","46th of 70","28th of 71","46th of 72","53rd of 70",NA,NA,NA,NA,NA,NA,NA,NA,NA,NA,NA,NA,NA,NA,NA,NA
"234",-75.066,40.067,3404,1091,"Tutoring","X04","Tacony Academy Charter School","56th of 71","46th of 70","68th of 71","51st of 72","40th of 70",NA,NA,NA,NA,NA,NA,NA,NA,NA,NA,NA,NA,NA,NA,NA,NA
"235",-75.066,40.067,3404,1091,"Tutoring","X04","Tacony Academy Charter School","56th of 71","46th of 70","68th of 71","51st of 72","40th of 70",NA,NA,NA,NA,NA,NA,NA,NA,NA,NA,NA,NA,NA,NA,NA,NA
"236",-75.066,40.067,3404,1091,"Tutoring","X04","Tacony Academy Charter School","56th of 71","46th of 70","68th of 71","51st of 72","40th of 70",NA,NA,NA,NA,NA,NA,NA,NA,NA,NA,NA,NA,NA,NA,NA,NA
"237",-75.066,40.067,3404,1091,"Tutoring","X04","Tacony Academy Charter School","56th of 71","46th of 70","68th of 71","51st of 72","40th of 70",NA,NA,NA,NA,NA,NA,NA,NA,NA,NA,NA,NA,NA,NA,NA,NA
"238",-75.066,40.067,3404,1091,"Tutoring","X04","Tacony Academy Charter School","47th of 126","28th of 126","86th of 126","32nd of 126",NA,NA,NA,NA,NA,NA,NA,NA,NA,NA,NA,NA,NA,NA,NA,NA,NA
"239",-75.066,40.067,3404,1091,"Tutoring","X04","Tacony Academy Charter School","47th of 126","28th of 126","86th of 126","32nd of 126",NA,NA,NA,NA,NA,NA,NA,NA,NA,NA,NA,NA,NA,NA,NA,NA,NA
"240",-75.066,40.067,3404,1091,"Tutoring","X04","Tacony Academy Charter School","47th of 126","28th of 126","86th of 126","32nd of 126",NA,NA,NA,NA,NA,NA,NA,NA,NA,NA,NA,NA,NA,NA,NA,NA,NA
"241",-75.066,40.067,3404,1091,"Tutoring","X04","Tacony Academy Charter School","47th of 126","28th of 126","86th of 126","32nd of 126",NA,NA,NA,NA,NA,NA,NA,NA,NA,NA,NA,NA,NA,NA,NA,NA,NA
"242",-75.233,39.965,3411,688,"Elem/Middle","X11","Universal Charter School at Daroff","34th of 126","79th of 126","7th of 126","89th of 126",NA,NA,NA,NA,NA,NA,NA,NA,NA,NA,NA,NA,NA,NA,NA,NA,NA
"243",-75.135,40.017,3307,471,"Elem/Middle","W07","Eugenio Maria De Hostos Charter School","51st of 126","31st of 126","115th of 126","14th of 126",NA,NA,NA,NA,NA,NA,NA,NA,NA,NA,NA,NA,NA,NA,NA,NA,NA
"244",-75.006,40.114,3328,1322,"Elem/Mid/High","W28","Mathematics, Science, and Technology Community Charter School","4th of 71","5th of 70","2nd of 71","8th of 72","7th of 70",NA,NA,NA,NA,NA,NA,NA,NA,NA,NA,NA,NA,NA,NA,NA,NA
"245",-75.006,40.114,3328,1322,"Elem/Mid/High","W28","Mathematics, Science, and Technology Community Charter School","4th of 71","5th of 70","2nd of 71","8th of 72","7th of 70",NA,NA,NA,NA,NA,NA,NA,NA,NA,NA,NA,NA,NA,NA,NA,NA
"246",-75.006,40.114,3328,1322,"Elem/Mid/High","W28","Mathematics, Science, and Technology Community Charter School","9th of 126","2nd of 126","38th of 126","3rd of 126",NA,NA,NA,NA,NA,NA,NA,NA,NA,NA,NA,NA,NA,NA,NA,NA,NA
"247",-75.006,40.114,3328,1322,"Elem/Mid/High","W28","Mathematics, Science, and Technology Community Charter School","9th of 126","2nd of 126","38th of 126","3rd of 126",NA,NA,NA,NA,NA,NA,NA,NA,NA,NA,NA,NA,NA,NA,NA,NA,NA
"248",-75.185,40.011,3397,363,"Middle/High","W97","Eastern University Academy Charter School","47th of 71","41st of 70","63rd of 71","43rd of 72","28th of 70",NA,NA,NA,NA,NA,NA,NA,NA,NA,NA,NA,NA,NA,NA,NA,NA
"249",-75.185,40.011,3397,363,"Middle/High","W97","Eastern University Academy Charter School","47th of 71","41st of 70","63rd of 71","43rd of 72","28th of 70",NA,NA,NA,NA,NA,NA,NA,NA,NA,NA,NA,NA,NA,NA,NA,NA
"250",-75.185,40.011,3397,363,"Middle/High","W97","Eastern University Academy Charter School","22nd of 33","21st of 33","30th of 33","12th of 33",NA,NA,NA,NA,NA,NA,NA,NA,NA,NA,NA,NA,NA,NA,NA,NA,NA
"251",-75.185,40.011,3397,363,"Middle/High","W97","Eastern University Academy Charter School","22nd of 33","21st of 33","30th of 33","12th of 33",NA,NA,NA,NA,NA,NA,NA,NA,NA,NA,NA,NA,NA,NA,NA,NA,NA
"252",-75.15,40.011,3312,249,"High School","W12","Multi-Cultural Academy Charter School","21st of 71","28th of 70","21st of 71","19th of 72","25th of 70",NA,NA,NA,NA,NA,NA,NA,NA,NA,NA,NA,NA,NA,NA,NA,NA
"253",-75.154,39.994,3370,1149,"Tutoring","W70","KIPP Philadelphia Charter School","35th of 71","30th of 70","30th of 71","36th of 72","36th of 70",NA,NA,NA,NA,NA,NA,NA,NA,NA,NA,NA,NA,NA,NA,NA,NA
"254",-75.154,39.994,3370,1149,"Tutoring","W70","KIPP Philadelphia Charter School","35th of 71","30th of 70","30th of 71","36th of 72","36th of 70",NA,NA,NA,NA,NA,NA,NA,NA,NA,NA,NA,NA,NA,NA,NA,NA
"255",-75.154,39.994,3370,1149,"Tutoring","W70","KIPP Philadelphia Charter School","20th of 126","38th of 126","17th of 126","23rd of 126",NA,NA,NA,NA,NA,NA,NA,NA,NA,NA,NA,NA,NA,NA,NA,NA,NA
"256",-75.154,39.994,3370,1149,"Tutoring","W70","KIPP Philadelphia Charter School","20th of 126","38th of 126","17th of 126","23rd of 126",NA,NA,NA,NA,NA,NA,NA,NA,NA,NA,NA,NA,NA,NA,NA,NA,NA
"257",-75.228,39.976,3383,735,"Middle School","W83","Mastery Charter School at Shoemaker Campus","8th of 71","12th of 70","4th of 71","15th of 72","16th of 70",NA,NA,NA,NA,NA,NA,NA,NA,NA,NA,NA,NA,NA,NA,NA,NA
"258",-75.228,39.976,3383,735,"Middle School","W83","Mastery Charter School at Shoemaker Campus","8th of 71","12th of 70","4th of 71","15th of 72","16th of 70",NA,NA,NA,NA,NA,NA,NA,NA,NA,NA,NA,NA,NA,NA,NA,NA
"259",-75.228,39.976,3383,735,"Middle School","W83","Mastery Charter School at Shoemaker Campus","2nd of 33","8th of 33","3rd of 33","8th of 33",NA,NA,NA,NA,NA,NA,NA,NA,NA,NA,NA,NA,NA,NA,NA,NA,NA
"260",-75.228,39.976,3383,735,"Middle School","W83","Mastery Charter School at Shoemaker Campus","2nd of 33","8th of 33","3rd of 33","8th of 33",NA,NA,NA,NA,NA,NA,NA,NA,NA,NA,NA,NA,NA,NA,NA,NA,NA
"261",-75.169,39.945,3341,816,"Elem/Middle","W41","Independence Charter School","14th of 126","11th of 126","38th of 126","13th of 126",NA,NA,NA,NA,NA,NA,NA,NA,NA,NA,NA,NA,NA,NA,NA,NA,NA
"262",-75.144,39.964,3310,497,"Elem/Middle","W10","Laboratory Charter School of Communication and Languages","9th of 126","3rd of 126","30th of 126","11th of 126",NA,NA,NA,NA,NA,NA,NA,NA,NA,NA,NA,NA,NA,NA,NA,NA,NA
"263",-75.155,40.049,3309,624,"High School","W09","Imhotep Institute Charter High School","37th of 71","36th of 70","34th of 71","31st of 72","45th of 70",NA,NA,NA,NA,NA,NA,NA,NA,NA,NA,NA,NA,NA,NA,NA,NA
"264",-75.102,39.998,3379,539,"Elem/Middle","W79","Ad Prima Charter School","26th of 126","8th of 126","91st of 126","5th of 126",NA,NA,NA,NA,NA,NA,NA,NA,NA,NA,NA,NA,NA,NA,NA,NA,NA
"265",-75.094,40.02,3386,779,"Elem/Middle","W86","Northwood Academy Charter School","25th of 126","12th of 126","67th of 126","20th of 126",NA,NA,NA,NA,NA,NA,NA,NA,NA,NA,NA,NA,NA,NA,NA,NA,NA
"266",-75.245,39.917,3378,178,"Elementary School","W78","Philadelphia Montessori Charter School","9th of 61","12th of 61","24th of 61","13th of 62",NA,NA,NA,NA,NA,NA,NA,NA,NA,NA,NA,NA,NA,NA,NA,NA,NA
"267",-75.213,40.031,6480,275,"Middle School","648","Academy for the Middle Years at Northwest","12th of 33","5th of 33","17th of 33","6th of 33",NA,8,22,0,0,5,0.01818182,243,0.88363636,9,0.03272727,9,0.03272727,0,0,9,0.03272727
"268",-75.116,40.027,3399,NA,"High School","W99","Sankofa Freedom Academy Charter School","21st of 71","38th of 70","13th of 71","29th of 72","15th of 70",NA,NA,NA,NA,NA,NA,NA,NA,NA,NA,NA,NA,NA,NA,NA,NA
"269",-75.116,40.027,3399,NA,"High School","W99","Sankofa Freedom Academy Charter School","21st of 71","38th of 70","13th of 71","29th of 72","15th of 70",NA,NA,NA,NA,NA,NA,NA,NA,NA,NA,NA,NA,NA,NA,NA,NA
"270",-75.116,40.027,3399,NA,"High School","W99","Sankofa Freedom Academy Charter School","21st of 71","38th of 70","13th of 71","29th of 72","15th of 70",NA,NA,NA,NA,NA,NA,NA,NA,NA,NA,NA,NA,NA,NA,NA,NA
"271",-75.116,40.027,3399,NA,"High School","W99","Sankofa Freedom Academy Charter School","21st of 71","38th of 70","13th of 71","29th of 72","15th of 70",NA,NA,NA,NA,NA,NA,NA,NA,NA,NA,NA,NA,NA,NA,NA,NA
"272",-75.116,40.027,3399,NA,"High School","W99","Sankofa Freedom Academy Charter School","47th of 126","43rd of 126","62nd of 126","44th of 126",NA,NA,NA,NA,NA,NA,NA,NA,NA,NA,NA,NA,NA,NA,NA,NA,NA
"273",-75.116,40.027,3399,NA,"High School","W99","Sankofa Freedom Academy Charter School","47th of 126","43rd of 126","62nd of 126","44th of 126",NA,NA,NA,NA,NA,NA,NA,NA,NA,NA,NA,NA,NA,NA,NA,NA,NA
"274",-75.116,40.027,3399,NA,"High School","W99","Sankofa Freedom Academy Charter School","47th of 126","43rd of 126","62nd of 126","44th of 126",NA,NA,NA,NA,NA,NA,NA,NA,NA,NA,NA,NA,NA,NA,NA,NA,NA
"275",-75.116,40.027,3399,NA,"High School","W99","Sankofa Freedom Academy Charter School","47th of 126","43rd of 126","62nd of 126","44th of 126",NA,NA,NA,NA,NA,NA,NA,NA,NA,NA,NA,NA,NA,NA,NA,NA,NA
"276",-75.141,39.983,5350,479,"Elem/Middle","535","William McKinley School","106th of 126","94th of 126","118th of 126","77th of 126",NA,33,71,2,0.00417537,7,0.01461378,174,0.36325678,267,0.55741127,21,0.04384134,0,0,8,0.01670146
"277",-75.168,39.965,2490,326,"Elem/Middle","249","Laura W. Waring School","54th of 126","50th of 126","60th of 126","54th of 126",NA,2,0,0,0,4,0.01226994,259,0.79447853,36,0.11042945,24,0.07361963,0,0,3,0.00920245
"278",-75.212,39.962,1470,457,"Elementary School","147","Alain Locke School","88th of 126","116th of 126","20th of 126","121st of 126",NA,39,113,1,0.00218818,29,0.06345733,368,0.80525164,12,0.02625821,40,0.08752735,0,0,7,0.01531729
"279",-75.194,39.96,1390,259,"Elementary School","139","Samuel Powel School","2nd of 61","City Leader","2nd of 61","17th of 62",NA,3,20,1,0.003861,14,0.05405405,182,0.7027027,6,0.02316602,30,0.11583012,0,0,26,0.1003861
"280",-75.154,39.937,2590,335,"Elem/Middle","259","George W. Nebinger School","41st of 126","48th of 126","38th of 126","44th of 126",NA,21,37,2,0.00597015,37,0.11044776,176,0.52537313,76,0.22686567,29,0.08656716,1,0.00298507,14,0.04179104
"281",-75.156,39.917,2690,420,"Elem/Middle","269","John H. Taggart School","63rd of 126","73rd of 126","46th of 126","66th of 126",NA,6,20,0,0,207,0.49285714,83,0.19761905,41,0.09761905,43,0.10238095,0,0,46,0.10952381
"282",-75.139,39.993,5170,753,"Elem/Middle","517","Julia de Burgos School","76th of 126","84th of 126","33rd of 126","104th of 126",NA,45,199,0,0,4,0.00531208,86,0.11420983,633,0.84063745,24,0.03187251,0,0,6,0.00796813
"283",-74.977,40.08,8390,877,"Elem/Middle","839","A.L. Fitzpatrick School","76th of 126","28th of 126","114th of 126","54th of 126",NA,42,54,1,0.00114025,40,0.04561003,153,0.17445838,91,0.10376283,86,0.09806157,0,0,506,0.57696693
"284",-75.114,40,5530,723,"Elementary School","553","Philip H. Sheridan School","50th of 61","52nd of 61","26th of 61","59th of 62",NA,11,101,2,0.00276625,9,0.01244813,174,0.2406639,466,0.64453665,55,0.07607192,0,0,17,0.02351314
"285",-75.18,39.981,4560,431,"Elem/Middle","456","William D. Kelley School","116th of 126","113rd of 126","95th of 126","126th of 126",NA,12,109,0,0,0,0,405,0.93967517,10,0.02320186,13,0.03016241,0,0,3,0.00696056
"286",-75.246,39.982,4370,233,"Elementary School","437","Overbrook School","48th of 61","33rd of 61","57th of 61","35th of 62",NA,3,7,1,0.00429185,0,0,215,0.92274678,4,0.01716738,12,0.05150215,0,0,1,0.00429185
"287",-75.239,39.964,1200,836,"Elem/Middle","120","John Barry School","63rd of 126","119th of 126","11th of 126","113rd of 126",NA,47,125,0,0,1,0.00119617,821,0.98205742,2,0.00239234,10,0.01196172,0,0,2,0.00239234
"288",-74.974,40.083,8040,603,"High School","804","Arts Academy at Benjamin Rush","6th of 71","7th of 70","7th of 71","7th of 72","9th of 70",5,6,2,0.00331675,35,0.05804312,126,0.20895522,83,0.13764511,26,0.04311774,0,0,331,0.54892206
"289",-75.12,40.02,7200,838,"Elementary School","720","Clara Barton School",NA,NA,NA,"30th of 62",NA,15,16,1,0.00119332,42,0.05011933,207,0.24701671,495,0.59069212,81,0.09665871,0,0,12,0.01431981
"290",-75.154,39.985,5050,306,"High School","505","Philadelphia Military Academy","12th of 71","21st of 70","4th of 71","18th of 72","22nd of 70",13,6,0,0,12,0.03921569,190,0.62091503,87,0.28431373,2,0.00653595,0,0,15,0.04901961
"291",-75.216,39.964,1580,252,"Middle School","158","Middle Years Alternative School","17th of 33","12th of 33","12th of 33","18th of 33",NA,6,74,2,0.00793651,20,0.07936508,217,0.86111111,2,0.00793651,8,0.03174603,0,0,3,0.01190476
"292",-75.112,40.013,7150,1115,"Elem/Middle","715","Juniata Park Academy","16th of 126","44th of 126","8th of 126","49th of 126",NA,34,57,0,0,101,0.09058296,141,0.1264574,709,0.63587444,116,0.10403587,0,0,48,0.04304933
"293",-74.971,40.096,8420,1040,"Elem/Middle","842","Stephen Decatur School","24th of 126","20th of 126","37th of 126","29th of 126",NA,9,34,1,0.00096154,59,0.05673077,153,0.14711538,100,0.09615385,109,0.10480769,0,0,618,0.59423077
"294",-75.043,40.044,8010,1522,"High School","801","Abraham Lincoln High School","49th of 71","39th of 70","36th of 71","57th of 72","58th of 70",135,411,1,0.00065703,85,0.05584757,605,0.39750329,329,0.21616294,53,0.0348226,0,0,449,0.29500657
"295",-75.146,40.026,7100,498,"Elem/Middle","710","Jay Cooke School","119th of 126","88th of 126","124th of 126","106th of 126",NA,55,39,2,0.00401606,7,0.01405622,420,0.84337349,42,0.08433735,19,0.03815261,0,0,8,0.01606426
"296",-75.133,39.977,5520,503,"High School","552","Kensington High School for Creative and Performing Arts","49th of 71","61st of 70","50th of 71","42nd of 72","52nd of 70",27,19,1,0.00198807,8,0.01590457,140,0.27833002,307,0.61033797,1,0.00198807,0,0,46,0.09145129
"297",-75.162,39.94,2620,858,"High School","262","Academy at Palumbo","15th of 71","8th of 70","40th of 71","5th of 72","13th of 70",8,7,3,0.0034965,219,0.25524476,407,0.47435897,71,0.08275058,29,0.03379953,0,0,129,0.15034965
"298",-75.239,40.052,6380,520,"Elem/Middle","638","Shawmont School","44th of 126","20th of 126","80th of 126","40th of 126",NA,14,30,0,0,11,0.02115385,198,0.38076923,22,0.04230769,41,0.07884615,0,0,248,0.47692308
"299",-75.097,39.985,5430,405,"Middle School","543","Alternative Middle Years at James Martin","16th of 33","10th of 33","12th of 33","15th of 33",NA,18,39,1,0.00246914,11,0.02716049,84,0.20740741,98,0.24197531,30,0.07407407,0,0,181,0.44691358
"300",-75.127,39.981,5300,325,"Elementary School","530","Horatio B. Hackett School","17th of 61","7th of 61","32nd of 61","19th of 62",NA,11,4,0,0,4,0.01230769,29,0.08923077,50,0.15384615,41,0.12615385,0,0,201,0.61846154
"301",-75.239,39.958,1100,539,"High School","110","William L. Sayre High School","61st of 71","66th of 70","43rd of 71","69th of 72","64th of 70",59,172,0,0,1,0.00185529,520,0.96474954,7,0.01298701,5,0.00927644,0,0,6,0.01113173
"302",-75.227,39.953,1330,562,"Elem/Middle","133","Samuel B. Huey School","97th of 126","119th of 126","42nd of 126","121st of 126",NA,29,202,0,0,0,0,538,0.95729537,3,0.00533808,18,0.03202847,0,0,3,0.00533808
"303",-75.248,39.907,1190,295,"High School","119","Motivation High School","24th of 71","21st of 70","28th of 71","29th of 72","13th of 70",16,25,2,0.00677966,9,0.03050847,270,0.91525424,3,0.01016949,5,0.01694915,1,0.00338983,5,0.01694915
"304",-75.175,40.081,6310,455,"Elementary School","631","John F. McCloskey School","29th of 126","34th of 126","33rd of 126","36th of 126",NA,4,10,0,0,0,0,433,0.95164835,5,0.01098901,14,0.03076923,0,0,3,0.00659341
"305",-75.19,40.037,6440,374,"Elem/Middle","644","Anna L. Lingelbach School","70th of 126","61st of 126","82nd of 126","48th of 126",NA,10,24,0,0,3,0.00802139,329,0.87967914,15,0.04010695,18,0.04812834,0,0,9,0.02406417
"306",-75.152,40.031,6300,269,"Elementary School","630","James Logan School","46th of 61","30th of 61","45th of 61","43rd of 62",NA,15,10,0,0,3,0.01115242,235,0.87360595,8,0.02973978,23,0.08550186,0,0,0,0
"307",-75.148,39.964,5480,435,"Elem/Middle","548","General Philip Kearny School","63rd of 126","63rd of 126","42nd of 126","82nd of 126",NA,5,126,0,0,3,0.00689655,356,0.8183908,24,0.05517241,26,0.05977011,0,0,26,0.05977011
"308",-75.132,39.987,5330,505,"Elem/Middle","533","William H. Hunter School","92nd of 126","94th of 126","75th of 126","85th of 126",NA,21,63,3,0.00594059,1,0.0019802,52,0.1029703,405,0.8019802,37,0.07326733,0,0,7,0.01386139
"309",-75.206,39.957,1050,277,"High School","105","Paul Robeson High School for Human Services","39th of 71","56th of 70","40th of 71","28th of 72","26th of 70",5,19,0,0,5,0.01805054,257,0.92779783,4,0.01444043,7,0.02527076,0,0,4,0.01444043
"310",-75.197,40.062,5070,221,"High School","507","Parkway Northwest High School","38th of 71","33rd of 70","39th of 71","34th of 72","24th of 70",35,11,2,0.00904977,1,0.00452489,212,0.95927602,4,0.01809955,1,0.00452489,0,0,1,0.00452489
"311",-75.207,40.023,6410,403,"Elem/Middle","641","Cook-Wissahickon School","44th of 126","16th of 126","84th of 126","41st of 126",NA,21,38,0,0,5,0.01240695,124,0.30769231,10,0.0248139,49,0.12158809,0,0,215,0.53349876
"312",-75.184,39.997,4440,581,"Tutoring","444","Dr. Ethel Allen School","102nd of 126","116th of 126","67th of 126","110th of 126",NA,39,101,0,0,0,0,544,0.9363167,18,0.03098107,11,0.01893287,0,0,8,0.01376936
"313",-75.181,39.984,4530,353,"Elem/Middle","453","Edward Gideon School","112nd of 126","113rd of 126","108th of 126","109th of 126",NA,7,69,0,0,0,0,337,0.95467422,6,0.01699717,10,0.02832861,0,0,0,0
"314",-75.216,39.965,5090,292,"High School","509","Parkway West High School","32nd of 71","25th of 70","22nd of 71","36th of 72","33rd of 70",12,63,0,0,1,0.00342466,280,0.95890411,4,0.01369863,2,0.00684932,0,0,5,0.01712329
"315",-75.234,39.922,1010,892,"High School","101","John Bartram High School","60th of 71","56th of 70","48th of 71","64th of 72","55th of 70",96,350,1,0.00112108,23,0.02578475,833,0.9338565,20,0.02242152,6,0.00672646,0,0,9,0.01008969
"316",-75.203,39.975,1030,613,"High School","103","High School of the Future","58th of 71","41st of 70","70th of 71","47th of 72","50th of 70",134,144,2,0.00326264,7,0.01141925,545,0.88907015,41,0.06688418,5,0.00815661,0,0,13,0.02120718
"317",-75.122,40.019,7500,545,"Middle School","750","Feltonville School of Arts and Sciences","28th of 33","22nd of 33","28th of 33","26th of 33",NA,21,211,0,0,26,0.04770642,136,0.24954128,343,0.6293578,30,0.05504587,0,0,10,0.01834862
"318",-75.253,40.062,6540,314,"High School","654","Lankenau High School","27th of 71","28th of 70","32nd of 71","24th of 72","11th of 70",11,9,0,0,1,0.00318471,298,0.94904459,8,0.02547771,5,0.01592357,0,0,2,0.00636943
"319",-75.169,40.059,6200,464,"Elem/Middle","620","Anna B. Day School","60th of 126","55th of 126","70th of 126","58th of 126",NA,13,14,0,0,0,0,434,0.93534483,5,0.01077586,21,0.04525862,0,0,4,0.00862069
"320",-75.073,40.037,8350,1395,"Elem/Middle","835","Gilbert Spruance School","82nd of 126","55th of 126","110th of 126","44th of 126",NA,30,52,3,0.00215054,188,0.13476703,540,0.38709677,388,0.2781362,139,0.09964158,1,0.00071685,136,0.09749104
"321",-75.121,40.02,7310,708,"Elementary School","731","Feltonville Intermediate School","33rd of 61","33rd of 61","29th of 61","31st of 62",NA,14,53,0,0,33,0.04661017,173,0.24435028,430,0.60734463,50,0.07062147,0,0,22,0.03107345
"322",-75.135,40.018,5490,437,"Elementary School","549","Cayuga School","38th of 61","57th of 61","19th of 61","48th of 62",NA,19,31,2,0.00457666,3,0.00686499,130,0.29748284,266,0.60869565,28,0.06407323,0,0,8,0.01830664
"323",-75.148,40.004,7510,753,"Elem/Middle","751","Mary M. Bethune School","92nd of 126","104th of 126","60th of 126","95th of 126",NA,11,46,0,0,4,0.00531208,516,0.68525896,192,0.25498008,36,0.04780876,0,0,5,0.00664011
"324",-75.238,39.993,4280,364,"Elementary School","428","Samuel Gompers School","48th of 61","38th of 61","43rd of 61","40th of 62",NA,22,36,0,0,4,0.01098901,290,0.7967033,9,0.02472527,46,0.12637363,0,0,15,0.04120879
"325",-75.128,39.987,5210,575,"Elementary School","521","Henry A. Brown School","82nd of 126","67th of 126","75th of 126","70th of 126",NA,14,24,2,0.00347826,92,0.16,76,0.13217391,271,0.47130435,54,0.09391304,0,0,80,0.13913043
"326",-75.097,40.048,3404,NA,"High School","X04","Tacony Academy Charter School","56th of 71","46th of 70","68th of 71","51st of 72","40th of 70",NA,NA,NA,NA,NA,NA,NA,NA,NA,NA,NA,NA,NA,NA,NA,NA
"327",-75.097,40.048,3404,NA,"High School","X04","Tacony Academy Charter School","56th of 71","46th of 70","68th of 71","51st of 72","40th of 70",NA,NA,NA,NA,NA,NA,NA,NA,NA,NA,NA,NA,NA,NA,NA,NA
"328",-75.097,40.048,3404,NA,"High School","X04","Tacony Academy Charter School","56th of 71","46th of 70","68th of 71","51st of 72","40th of 70",NA,NA,NA,NA,NA,NA,NA,NA,NA,NA,NA,NA,NA,NA,NA,NA
"329",-75.097,40.048,3404,NA,"High School","X04","Tacony Academy Charter School","56th of 71","46th of 70","68th of 71","51st of 72","40th of 70",NA,NA,NA,NA,NA,NA,NA,NA,NA,NA,NA,NA,NA,NA,NA,NA
"330",-75.097,40.048,3404,NA,"High School","X04","Tacony Academy Charter School","47th of 126","28th of 126","86th of 126","32nd of 126",NA,NA,NA,NA,NA,NA,NA,NA,NA,NA,NA,NA,NA,NA,NA,NA,NA
"331",-75.097,40.048,3404,NA,"High School","X04","Tacony Academy Charter School","47th of 126","28th of 126","86th of 126","32nd of 126",NA,NA,NA,NA,NA,NA,NA,NA,NA,NA,NA,NA,NA,NA,NA,NA,NA
"332",-75.097,40.048,3404,NA,"High School","X04","Tacony Academy Charter School","47th of 126","28th of 126","86th of 126","32nd of 126",NA,NA,NA,NA,NA,NA,NA,NA,NA,NA,NA,NA,NA,NA,NA,NA,NA
"333",-75.097,40.048,3404,NA,"High School","X04","Tacony Academy Charter School","47th of 126","28th of 126","86th of 126","32nd of 126",NA,NA,NA,NA,NA,NA,NA,NA,NA,NA,NA,NA,NA,NA,NA,NA,NA
"334",-75.127,39.985,5510,366,"High School","551","Kensington International Business, Finance, and Entrepreneurship HS","66th of 71","61st of 70","59th of 71","66th of 72","68th of 70",35,98,0,0,5,0.0136612,134,0.36612022,182,0.49726776,4,0.01092896,0,0,41,0.11202186
"335",-75.127,39.984,5600,351,"High School","560","Kensington Urban Education Academy","66th of 71","46th of 70","68th of 71","66th of 72","59th of 70",39,86,1,0.002849,4,0.01139601,133,0.37891738,189,0.53846154,3,0.00854701,0,0,21,0.05982906
"336",-75.267,39.976,4320,195,"High School","432","Robert E. Lamberton School","60th of 126","81st of 126","46th of 126","60th of 126",NA,46,62,1,0.0019305,4,0.00772201,470,0.90733591,20,0.03861004,22,0.04247104,0,0,1,0.0019305
"337",-75.267,39.976,4320,195,"High School","432","Robert E. Lamberton School","60th of 126","81st of 126","46th of 126","60th of 126",NA,46,62,1,0.0019305,4,0.00772201,470,0.90733591,20,0.03861004,22,0.04247104,0,0,1,0.0019305
"338",-75.219,39.955,8560,154,"High School","856","The Workshop School",NA,NA,NA,"48th of 72",NA,5,16,0,0,1,0.00649351,141,0.91558442,5,0.03246753,6,0.03896104,0,0,1,0.00649351
